file	sha256	relocation_section	relocation_index	target_section	offset	elf_address	file_offset	type	symbol	symbol_index	symbol_undefined	symbol_type	symbol_section	symbol_value	addend	resolved_target_functions	resolved_target_address	owners	owner_start	owner_offset	owner_extent	owner_end	owner_fde	evidence	instruction_word
.local/legacy-firmware/work/extract/stock-rootfs/lib/modules/5.4.55/hw_nat.ko	894b91053435a85fa44abb62bfe218c50ffc316f2a2252a75c0d1847f527f200	.rela.text	9611	.text	0x37548	0x37548	0x375a8	R_AARCH64_CALL26	host_notify_npuMbox	1004	1	STT_NOTYPE	SHN_UNDEF	0x0	0x0			unnamed@.text+0x37490	0x37490	0xb8	eh_frame_FDE	0x3759c	0x99c8	direct_call_BL	0x94000000
.local/legacy-firmware/work/extract/stock-rootfs/lib/modules/5.4.55/hw_nat.ko	894b91053435a85fa44abb62bfe218c50ffc316f2a2252a75c0d1847f527f200	.rela.text	9633	.text	0x377f0	0x377f0	0x37850	R_AARCH64_CALL26	host_notify_npuMbox	1004	1	STT_NOTYPE	SHN_UNDEF	0x0	0x0			unnamed@.text+0x37740	0x37740	0xb0	eh_frame_FDE	0x37844	0x9a60	direct_call_BL	0x94000000
.local/legacy-firmware/work/extract/stock-rootfs/lib/modules/5.4.55/hw_nat.ko	894b91053435a85fa44abb62bfe218c50ffc316f2a2252a75c0d1847f527f200	.rela.text	9647	.text	0x379f8	0x379f8	0x37a58	R_AARCH64_CALL26	host_notify_npuMbox	1004	1	STT_NOTYPE	SHN_UNDEF	0x0	0x0			ecnt_hwnat_npu_check_vxlan_hdr_list	0x37844	0x1b4	symbol_size	0x37a60		direct_call_BL	0x94000000
.local/legacy-firmware/work/extract/stock-rootfs/lib/modules/5.4.55/hw_nat.ko	894b91053435a85fa44abb62bfe218c50ffc316f2a2252a75c0d1847f527f200	.rela.text	9674	.text	0x37d18	0x37d18	0x37d78	R_AARCH64_CALL26	host_notify_npuMbox	1004	1	STT_NOTYPE	SHN_UNDEF	0x0	0x0			unnamed@.text+0x37c14	0x37c14	0x104	eh_frame_FDE	0x37da8	0x9b0c	direct_call_BL	0x94000000
.local/legacy-firmware/work/extract/stock-rootfs/lib/modules/5.4.55/hw_nat.ko	894b91053435a85fa44abb62bfe218c50ffc316f2a2252a75c0d1847f527f200	.rela.text	9802	.text	0x38518	0x38518	0x38578	R_AARCH64_CALL26	host_notify_npuMbox	1004	1	STT_NOTYPE	SHN_UNDEF	0x0	0x0			unnamed@.text+0x382d4	0x382d4	0x244	eh_frame_FDE	0x3858c	0x9bac	direct_call_BL	0x94000000
.local/legacy-firmware/work/extract/stock-rootfs/lib/modules/5.4.55/hw_nat.ko	894b91053435a85fa44abb62bfe218c50ffc316f2a2252a75c0d1847f527f200	.rela.text	9851	.text	0x38990	0x38990	0x389f0	R_AARCH64_CALL26	host_notify_npuMbox	1004	1	STT_NOTYPE	SHN_UNDEF	0x0	0x0			unnamed@.text+0x386f0	0x386f0	0x2a0	eh_frame_FDE	0x38c64	0x9c50	direct_call_BL	0x94000000
.local/legacy-firmware/work/extract/stock-rootfs/lib/modules/5.4.55/hw_nat.ko	894b91053435a85fa44abb62bfe218c50ffc316f2a2252a75c0d1847f527f200	.rela.text	9886	.text	0x38bac	0x38bac	0x38c0c	R_AARCH64_CALL26	host_notify_npuMbox	1004	1	STT_NOTYPE	SHN_UNDEF	0x0	0x0			unnamed@.text+0x386f0	0x386f0	0x4bc	eh_frame_FDE	0x38c64	0x9c50	direct_call_BL	0x94000000
.local/legacy-firmware/work/extract/stock-rootfs/lib/modules/5.4.55/hw_nat.ko	894b91053435a85fa44abb62bfe218c50ffc316f2a2252a75c0d1847f527f200	.rela.text.unlikely	89	.text.unlikely	0xa54	0xa54	0x46e48	R_AARCH64_CALL26	host_notify_npuMbox	1004	1	STT_NOTYPE	SHN_UNDEF	0x0	0x0			unnamed@.text.unlikely+0x98c	0x98c	0xc8	eh_frame_FDE	0xab0	0xc4	direct_call_BL	0x94000000
.local/legacy-firmware/work/extract/stock-rootfs/lib/modules/5.4.55/mt_wifi.ko	40c8f974ad7317776f602c069c009d1f0d5d939d622ccdee275423fad1e35cb0	.rela.text	8107	.text	0x23778	0x23778	0x237d8	R_AARCH64_CALL26	host_notify_npuMbox	10611	1	STT_NOTYPE	SHN_UNDEF	0x0	0x0			unnamed@.text+0x236c0	0x236c0	0xb8	eh_frame_FDE	0x237e4	0x4580	direct_call_BL	0x94000000
.local/legacy-firmware/work/extract/stock-rootfs/lib/modules/5.4.55/mt_wifi.ko	40c8f974ad7317776f602c069c009d1f0d5d939d622ccdee275423fad1e35cb0	.rela.text.unlikely	509	.text.unlikely	0x144c	0x144c	0x41f218	R_AARCH64_CALL26	host_notify_npuMbox	10611	1	STT_NOTYPE	SHN_UNDEF	0x0	0x0			unnamed@.text.unlikely+0x1374	0x1374	0xd8	eh_frame_FDE	0x14a0	0x4554	direct_call_BL	0x94000000
.local/legacy-firmware/work/extract/stock-rootfs/lib/modules/5.4.55/mtk_pci.ko	c71b2073eeb2498c05c5e42bb5ceaf3df664cff42bf0b0740eb6152458e0857b	.rela.text	569	.text	0x4c10	0x4c10	0x4c70	R_AARCH64_CALL26	host_notify_npuMbox	138	1	STT_NOTYPE	SHN_UNDEF	0x0	0x0			unnamed@.text+0x4b70	0x4b70	0xa0	eh_frame_FDE	0x4cc0	0xf20	direct_call_BL	0x94000000
.local/legacy-firmware/work/extract/stock-rootfs/lib/modules/5.4.55/mtk_pci.ko	c71b2073eeb2498c05c5e42bb5ceaf3df664cff42bf0b0740eb6152458e0857b	.rela.text	747	.text	0x5b3c	0x5b3c	0x5b9c	R_AARCH64_CALL26	host_notify_npuMbox	138	1	STT_NOTYPE	SHN_UNDEF	0x0	0x0			npu_pci_dma_init_rx_event_queue	0x5a50	0xec	symbol_size	0x5d84		direct_call_BL	0x94000000
.local/legacy-firmware/work/extract/stock-rootfs/lib/modules/5.4.55/mtk_pci.ko	c71b2073eeb2498c05c5e42bb5ceaf3df664cff42bf0b0740eb6152458e0857b	.rela.text	752	.text	0x5be4	0x5be4	0x5c44	R_AARCH64_CALL26	host_notify_npuMbox	138	1	STT_NOTYPE	SHN_UNDEF	0x0	0x0			npu_pci_dma_init_rx_event_queue	0x5a50	0x194	symbol_size	0x5d84		direct_call_BL	0x94000000
.local/legacy-firmware/work/extract/stock-rootfs/lib/modules/5.4.55/mtk_pci.ko	c71b2073eeb2498c05c5e42bb5ceaf3df664cff42bf0b0740eb6152458e0857b	.rela.text	759	.text	0x5c9c	0x5c9c	0x5cfc	R_AARCH64_CALL26	host_notify_npuMbox	138	1	STT_NOTYPE	SHN_UNDEF	0x0	0x0			npu_pci_dma_init_rx_event_queue	0x5a50	0x24c	symbol_size	0x5d84		direct_call_BL	0x94000000
.local/legacy-firmware/work/extract/stock-rootfs/lib/modules/5.4.55/mtk_pci.ko	c71b2073eeb2498c05c5e42bb5ceaf3df664cff42bf0b0740eb6152458e0857b	.rela.text	788	.text	0x5e88	0x5e88	0x5ee8	R_AARCH64_CALL26	host_notify_npuMbox	138	1	STT_NOTYPE	SHN_UNDEF	0x0	0x0			npu_pci_dma_init_rx_data_queue	0x5d84	0x104	symbol_size	0x6250		direct_call_BL	0x94000000
.local/legacy-firmware/work/extract/stock-rootfs/lib/modules/5.4.55/mtk_pci.ko	c71b2073eeb2498c05c5e42bb5ceaf3df664cff42bf0b0740eb6152458e0857b	.rela.text	797	.text	0x5f6c	0x5f6c	0x5fcc	R_AARCH64_CALL26	host_notify_npuMbox	138	1	STT_NOTYPE	SHN_UNDEF	0x0	0x0			npu_pci_dma_init_rx_data_queue	0x5d84	0x1e8	symbol_size	0x6250		direct_call_BL	0x94000000
.local/legacy-firmware/work/extract/stock-rootfs/lib/modules/5.4.55/mtk_pci.ko	c71b2073eeb2498c05c5e42bb5ceaf3df664cff42bf0b0740eb6152458e0857b	.rela.text	802	.text	0x6044	0x6044	0x60a4	R_AARCH64_CALL26	host_notify_npuMbox	138	1	STT_NOTYPE	SHN_UNDEF	0x0	0x0			npu_pci_dma_init_rx_data_queue	0x5d84	0x2c0	symbol_size	0x6250		direct_call_BL	0x94000000
.local/legacy-firmware/work/extract/stock-rootfs/lib/modules/5.4.55/mtk_pci.ko	c71b2073eeb2498c05c5e42bb5ceaf3df664cff42bf0b0740eb6152458e0857b	.rela.text	863	.text	0x62e0	0x62e0	0x6340	R_AARCH64_CALL26	host_notify_npuMbox	138	1	STT_NOTYPE	SHN_UNDEF	0x0	0x0			send_rro_done_msg_2_NPU	0x6250	0x90	symbol_size	0x6368		direct_call_BL	0x94000000
.local/legacy-firmware/work/extract/stock-rootfs/lib/modules/5.4.55/mtk_pci.ko	c71b2073eeb2498c05c5e42bb5ceaf3df664cff42bf0b0740eb6152458e0857b	.rela.text	879	.text	0x6418	0x6418	0x6478	R_AARCH64_CALL26	host_notify_npuMbox	138	1	STT_NOTYPE	SHN_UNDEF	0x0	0x0			send_rro_stop_msg_2_NPU	0x6370	0xa8	symbol_size	0x65d8		direct_call_BL	0x94000000
.local/legacy-firmware/work/extract/stock-rootfs/lib/modules/5.4.55/mtk_pci.ko	c71b2073eeb2498c05c5e42bb5ceaf3df664cff42bf0b0740eb6152458e0857b	.rela.text	891	.text	0x64ec	0x64ec	0x654c	R_AARCH64_CALL26	host_notify_npuMbox	138	1	STT_NOTYPE	SHN_UNDEF	0x0	0x0			send_rro_stop_msg_2_NPU	0x6370	0x17c	symbol_size	0x65d8		direct_call_BL	0x94000000
.local/legacy-firmware/work/extract/stock-rootfs/lib/modules/5.4.55/mtk_pci.ko	c71b2073eeb2498c05c5e42bb5ceaf3df664cff42bf0b0740eb6152458e0857b	.rela.text	921	.text	0x66d8	0x66d8	0x6738	R_AARCH64_CALL26	host_notify_npuMbox	138	1	STT_NOTYPE	SHN_UNDEF	0x0	0x0			npu_hw_init_queue_bus_write	0x65e0	0xf8	symbol_size	0x67d4		direct_call_BL	0x94000000
.local/legacy-firmware/work/extract/stock-rootfs/lib/modules/5.4.55/mtk_pci.ko	c71b2073eeb2498c05c5e42bb5ceaf3df664cff42bf0b0740eb6152458e0857b	.rela.text	950	.text	0x6880	0x6880	0x68e0	R_AARCH64_CALL26	host_notify_npuMbox	138	1	STT_NOTYPE	SHN_UNDEF	0x0	0x0			npu_pci_dma_sw_init_device	0x67d4	0xac	symbol_size	0x6b70		direct_call_BL	0x94000000
.local/legacy-firmware/work/extract/stock-rootfs/lib/modules/5.4.55/mtk_pci.ko	c71b2073eeb2498c05c5e42bb5ceaf3df664cff42bf0b0740eb6152458e0857b	.rela.text	957	.text	0x6958	0x6958	0x69b8	R_AARCH64_CALL26	host_notify_npuMbox	138	1	STT_NOTYPE	SHN_UNDEF	0x0	0x0			npu_pci_dma_sw_init_device	0x67d4	0x184	symbol_size	0x6b70		direct_call_BL	0x94000000
.local/legacy-firmware/work/extract/stock-rootfs/lib/modules/5.4.55/mtk_pci.ko	c71b2073eeb2498c05c5e42bb5ceaf3df664cff42bf0b0740eb6152458e0857b	.rela.text	1002	.text	0x6b28	0x6b28	0x6b88	R_AARCH64_CALL26	host_notify_npuMbox	138	1	STT_NOTYPE	SHN_UNDEF	0x0	0x0			npu_pci_dma_sw_init_device	0x67d4	0x354	symbol_size	0x6b70		direct_call_BL	0x94000000
.local/legacy-firmware/work/extract/stock-rootfs/lib/modules/5.4.55/mtk_pci.ko	c71b2073eeb2498c05c5e42bb5ceaf3df664cff42bf0b0740eb6152458e0857b	.rela.text	1036	.text	0x6e6c	0x6e6c	0x6ecc	R_AARCH64_CALL26	host_notify_npuMbox	138	1	STT_NOTYPE	SHN_UNDEF	0x0	0x0			npu_rro_init_ind_cmd_queue	0x6bd4	0x298	symbol_size	0x6f64		direct_call_BL	0x94000000
.local/legacy-firmware/work/extract/stock-rootfs/lib/modules/5.4.55/mtk_pci.ko	c71b2073eeb2498c05c5e42bb5ceaf3df664cff42bf0b0740eb6152458e0857b	.rela.text	1043	.text	0x6f18	0x6f18	0x6f78	R_AARCH64_CALL26	host_notify_npuMbox	138	1	STT_NOTYPE	SHN_UNDEF	0x0	0x0			npu_rro_init_ind_cmd_queue	0x6bd4	0x344	symbol_size	0x6f64		direct_call_BL	0x94000000
.local/legacy-firmware/work/extract/stock-rootfs/lib/modules/5.4.55/mtk_pci.ko	c71b2073eeb2498c05c5e42bb5ceaf3df664cff42bf0b0740eb6152458e0857b	.rela.text	1520	.text	0xa424	0xa424	0xa484	R_AARCH64_CALL26	host_notify_npuMbox	138	1	STT_NOTYPE	SHN_UNDEF	0x0	0x0			init_rro_addr_elem_by_seid	0xa2f0	0x134	symbol_size	0xa4b8		direct_call_BL	0x94000000
.local/legacy-firmware/work/extract/stock-rootfs/lib/modules/5.4.55/mtk_pci.ko	c71b2073eeb2498c05c5e42bb5ceaf3df664cff42bf0b0740eb6152458e0857b	.rela.text	1553	.text	0xa7d8	0xa7d8	0xa838	R_AARCH64_CALL26	host_notify_npuMbox	138	1	STT_NOTYPE	SHN_UNDEF	0x0	0x0			rro_sw_init	0xa670	0x168	symbol_size	0xacc0		direct_call_BL	0x94000000
.local/legacy-firmware/work/extract/stock-rootfs/lib/modules/5.4.55/mtk_pci.ko	c71b2073eeb2498c05c5e42bb5ceaf3df664cff42bf0b0740eb6152458e0857b	.rela.text	1573	.text	0xab64	0xab64	0xabc4	R_AARCH64_CALL26	host_notify_npuMbox	138	1	STT_NOTYPE	SHN_UNDEF	0x0	0x0			rro_sw_init	0xa670	0x4f4	symbol_size	0xacc0		direct_call_BL	0x94000000
.local/legacy-firmware/work/extract/stock-rootfs/lib/modules/5.4.55/mtk_pci.ko	c71b2073eeb2498c05c5e42bb5ceaf3df664cff42bf0b0740eb6152458e0857b	.rela.text.unlikely	34	.text.unlikely	0x2d4	0x2d4	0xb234	R_AARCH64_CALL26	host_notify_npuMbox	138	1	STT_NOTYPE	SHN_UNDEF	0x0	0x0			unnamed@.text.unlikely+0x224	0x224	0xb0	eh_frame_FDE	0x320	0xef0	direct_call_BL	0x94000000
.local/legacy-firmware/work/extract/stock-rootfs/lib/modules/5.4.55/mtk_pci.ko	c71b2073eeb2498c05c5e42bb5ceaf3df664cff42bf0b0740eb6152458e0857b	.rela.text.unlikely	45	.text.unlikely	0x3cc	0x3cc	0xb32c	R_AARCH64_CALL26	host_notify_npuMbox	138	1	STT_NOTYPE	SHN_UNDEF	0x0	0x0			unnamed@.text.unlikely+0x320	0x320	0xac	eh_frame_FDE	0x414	0xfa4	direct_call_BL	0x94000000
.local/legacy-firmware/work/extract/stock-rootfs/lib/modules/5.4.55/npu.ko	fecef1a24531765da1243de773ee7e9bb5b20ff47f1ad3b3736e1f09e9db088e	.rela.text	387	.text	0xbec	0xbec	0xc4c	R_AARCH64_CALL26	host_notify_npuMbox	49	1	STT_NOTYPE	SHN_UNDEF	0x0	0x0			npu_wifi_offload_get_dbg_counter_address	0xb30	0xbc	symbol_size	0xd88		direct_call_BL	0x94000000
.local/legacy-firmware/work/extract/stock-rootfs/lib/modules/5.4.55/npu.ko	fecef1a24531765da1243de773ee7e9bb5b20ff47f1ad3b3736e1f09e9db088e	.rela.text	565	.text	0x1334	0x1334	0x1394	R_AARCH64_CALL26	host_notify_npuMbox	49	1	STT_NOTYPE	SHN_UNDEF	0x0	0x0			init_module	0x11c4	0x170	symbol_size	0x14f0		direct_call_BL	0x94000000
.local/legacy-firmware/work/extract/stock-rootfs/lib/modules/5.4.55/npu.ko	fecef1a24531765da1243de773ee7e9bb5b20ff47f1ad3b3736e1f09e9db088e	.rela.text	573	.text	0x13f4	0x13f4	0x1454	R_AARCH64_CALL26	host_notify_npuMbox	49	1	STT_NOTYPE	SHN_UNDEF	0x0	0x0			init_module	0x11c4	0x230	symbol_size	0x14f0		direct_call_BL	0x94000000
.local/legacy-firmware/work/extract/stock-rootfs/lib/modules/5.4.55/npu.ko	fecef1a24531765da1243de773ee7e9bb5b20ff47f1ad3b3736e1f09e9db088e	.rela.text.unlikely	9	.text.unlikely	0xbc	0xbc	0x1638	R_AARCH64_CALL26	host_notify_npuMbox	49	1	STT_NOTYPE	SHN_UNDEF	0x0	0x0			unnamed@.text.unlikely+0x0	0x0	0xbc	eh_frame_FDE	0x10c	0x28	direct_call_BL	0x94000000
.local/legacy-firmware/work/extract/stock-rootfs/lib/modules/5.4.55/speedtest.ko	2654ada906e418dc8320f4885996fda8ba4d4a6e06435220e5596cf7b8c94196	.rela.text	3942	.text	0x10824	0x10824	0x10884	R_AARCH64_CALL26	host_notify_npuMbox	396	1	STT_NOTYPE	SHN_UNDEF	0x0	0x0			npu_wifi_offload_get_dbg_counter_address	0x10770	0xb4	symbol_size	0x109d8		direct_call_BL	0x94000000
.local/legacy-firmware/work/extract/stock-rootfs/lib/modules/5.4.55/tccicmd.ko	9a0e081553d6d92ad198e8b346c28f97b63855dde181bde14f57575a2964ed45	.rela.text	116	.text	0xd0c	0xd0c	0xd6c	R_AARCH64_CALL26	host_notify_npuMbox	109	1	STT_NOTYPE	SHN_UNDEF	0x0	0x0			unnamed@.text+0xb94	0xb94	0x178	eh_frame_FDE	0xd58	0x2a4	direct_call_BL	0x94000000
